iter	Passed	Remaining
0	56	56865
1	57	28669
2	57	19249
3	58	14551
4	58	11737
5	59	9853
6	59	8505
7	60	7490
8	60	6699
9	61	6071
10	61	5553
11	62	5123
12	62	4759
13	63	4447
14	63	4177
15	64	3939
16	64	3734
17	65	3553
18	65	3395
19	66	3247
20	66	3111
21	67	2984
22	67	2871
23	68	2767
24	68	2669
25	68	2580
26	69	2500
27	69	2422
28	70	2353
29	70	2286
30	71	2225
31	71	2167
32	72	2111
33	72	2062
34	72	2012
35	73	1966
36	73	1923
37	74	1882
38	74	1841
39	75	1805
40	75	1770
41	76	1735
42	76	1703
43	76	1672
44	77	1645
45	77	1616
46	78	1589
47	78	1563
48	79	1538
49	79	1515
50	80	1492
51	80	1470
52	81	1448
53	81	1428
54	82	1409
55	82	1389
56	82	1371
57	83	1354
58	83	1337
59	84	1320
60	84	1303
61	85	1289
62	85	1274
63	86	1259
64	86	1244
65	86	1228
66	87	1215
67	87	1201
68	88	1187
69	88	1174
70	88	1160
71	89	1147
72	89	1135
73	89	1122
74	90	1111
75	90	1099
76	90	1088
77	91	1077
78	91	1066
79	91	1056
80	92	1046
81	92	1036
82	92	1025
83	93	1015
84	93	1007
85	93	998
86	94	990
87	94	982
88	95	974
89	95	967
90	96	960
91	96	952
92	96	945
93	97	937
94	97	930
95	97	922
96	98	915
97	98	909
98	99	902
99	99	896
100	100	891
101	100	886
102	101	880
103	101	875
104	101	868
105	102	862
106	102	856
107	102	850
108	103	844
109	103	838
110	104	832
111	104	827
112	104	822
113	105	816
114	105	811
115	105	806
116	106	800
117	106	796
118	106	791
119	107	786
120	107	781
121	107	776
122	108	771
123	108	766
124	108	762
125	109	757
126	109	752
127	109	748
128	110	744
129	110	740
130	110	736
131	111	732
132	111	727
133	111	723
134	112	719
135	112	715
136	113	711
137	113	708
138	113	705
139	114	701
140	114	699
141	115	694
142	115	691
143	115	688
144	116	684
145	116	681
146	116	677
147	117	674
148	117	671
149	117	667
150	118	664
151	118	661
152	118	658
153	119	655
154	119	652
155	120	649
156	120	646
157	120	643
158	121	640
159	121	638
160	121	634
161	122	631
162	122	629
163	122	626
164	123	623
165	123	620
166	123	617
167	124	615
168	124	612
169	124	609
170	125	607
171	125	604
172	125	601
173	126	599
174	126	596
175	126	594
176	127	592
177	127	590
178	128	588
179	128	586
180	129	584
181	129	582
182	130	580
183	130	578
184	130	575
185	131	573
186	131	571
187	131	569
188	132	567
189	132	565
190	133	563
191	133	561
192	133	559
193	134	557
194	134	555
195	134	553
196	135	551
197	135	549
198	136	547
199	136	546
200	136	544
201	137	542
202	137	540
203	137	538
204	138	536
205	138	534
206	138	532
207	139	530
208	139	528
209	140	526
210	140	524
211	140	523
212	141	521
213	141	520
214	142	518
215	142	517
216	142	515
217	143	514
218	143	512
219	144	510
220	144	509
221	144	507
222	145	505
223	145	504
224	145	502
225	146	500
226	146	499
227	147	497
228	147	496
229	147	494
230	148	493
231	148	491
232	148	490
233	149	488
234	149	487
235	150	486
236	150	484
237	150	482
238	151	481
239	151	479
240	151	478
241	152	477
242	152	475
243	153	474
244	153	472
245	153	471
246	154	469
247	154	468
248	154	467
249	155	466
250	155	465
251	156	463
252	156	462
253	157	461
254	157	460
255	157	458
256	158	457
257	158	456
258	159	455
259	159	453
260	159	452
261	160	452
262	160	450
263	161	449
264	161	448
265	162	447
266	162	446
267	162	444
268	163	443
269	163	442
270	163	441
271	164	439
272	164	438
273	165	437
274	165	435
275	165	434
276	166	433
277	166	432
278	166	430
279	167	429
280	167	428
281	167	427
282	168	425
283	168	424
284	168	423
285	169	422
286	169	420
287	169	419
288	170	419
289	170	418
290	171	417
291	171	415
292	171	414
293	172	413
294	172	412
295	173	411
296	173	410
297	173	409
298	174	408
299	174	406
300	174	405
301	175	404
302	175	403
303	175	402
304	176	401
305	176	400
306	176	399
307	177	398
308	177	397
309	178	396
310	178	395
311	178	394
312	179	393
313	179	392
314	179	391
315	180	389
316	180	388
317	180	387
318	181	386
319	181	385
320	181	384
321	182	383
322	182	382
323	183	381
324	183	381
325	183	380
326	184	379
327	184	378
328	185	377
329	185	376
330	185	375
331	186	374
332	186	373
333	186	372
334	187	371
335	187	370
336	187	369
337	188	368
338	188	367
339	188	366
340	189	365
341	189	364
342	189	363
343	190	362
344	190	362
345	191	361
346	191	360
347	191	359
348	192	358
349	192	357
350	192	356
351	193	355
352	193	354
353	193	353
354	194	352
355	194	351
356	194	351
357	195	350
358	195	349
359	195	348
360	196	347
361	196	346
362	196	345
363	197	344
364	197	344
365	198	343
366	198	342
367	198	341
368	199	340
369	199	340
370	200	339
371	200	338
372	200	337
373	201	336
374	201	335
375	201	334
376	202	334
377	202	333
378	202	332
379	203	331
380	203	330
381	203	329
382	204	329
383	204	328
384	205	327
385	205	326
386	205	325
387	206	325
388	206	324
389	206	323
390	207	322
391	207	321
392	207	321
393	208	320
394	208	319
395	208	318
396	209	317
397	209	317
398	210	316
399	210	315
400	210	314
401	211	314
402	211	313
403	211	312
404	212	311
405	212	311
406	213	310
407	213	309
408	213	309
409	214	308
410	214	307
411	214	306
412	215	305
413	215	305
414	215	304
415	216	303
416	216	302
417	217	302
418	217	301
419	217	300
420	218	299
421	218	299
422	218	298
423	219	297
424	219	296
425	219	296
426	220	295
427	220	294
428	220	293
429	221	293
430	221	292
431	221	291
432	222	290
433	222	290
434	222	289
435	223	288
436	223	287
437	223	287
438	224	286
439	224	285
440	224	284
441	225	284
442	225	283
443	225	282
444	226	282
445	226	281
446	227	280
447	227	280
448	227	279
449	228	279
450	228	278
451	229	277
452	229	277
453	229	276
454	230	275
455	230	274
456	230	274
457	231	273
458	231	272
459	231	272
460	232	271
461	232	270
462	233	270
463	233	269
464	233	268
465	234	268
466	234	267
467	234	267
468	235	266
469	235	265
470	236	265
471	236	264
472	236	263
473	237	263
474	237	262
475	237	261
476	238	261
477	238	260
478	238	259
479	239	259
480	239	258
481	240	258
482	240	257
483	240	256
484	241	256
485	241	255
486	242	255
487	242	254
488	242	253
489	243	253
490	243	252
491	243	251
492	244	251
493	244	250
494	244	249
495	245	249
496	245	248
497	246	248
498	246	247
499	246	246
500	247	246
501	247	245
502	247	244
503	248	244
504	248	243
505	248	243
506	249	242
507	249	241
508	250	241
509	250	240
510	250	239
511	251	239
512	251	238
513	251	238
514	252	237
515	252	236
516	252	236
517	253	235
518	253	235
519	253	234
520	254	233
521	254	233
522	255	232
523	255	232
524	255	231
525	256	231
526	256	230
527	257	229
528	257	229
529	257	228
530	258	227
531	258	227
532	258	226
533	259	226
534	259	225
535	259	224
536	260	224
537	260	223
538	260	223
539	261	222
540	261	221
541	261	221
542	262	220
543	262	220
544	263	219
545	263	219
546	263	218
547	264	217
548	264	217
549	264	216
550	265	216
551	265	215
552	265	214
553	266	214
554	266	213
555	266	213
556	267	212
557	267	211
558	267	211
559	268	210
560	268	210
561	269	209
562	269	209
563	270	208
564	270	208
565	270	207
566	271	207
567	271	206
568	271	206
569	272	205
570	272	204
571	273	204
572	273	203
573	273	203
574	274	202
575	274	202
576	274	201
577	275	201
578	275	200
579	276	199
580	276	199
581	276	198
582	277	198
583	277	197
584	277	197
585	278	196
586	278	195
587	278	195
588	279	194
589	279	194
590	279	193
591	280	193
592	280	192
593	280	192
594	281	191
595	281	190
596	282	190
597	282	189
598	282	189
599	283	188
600	283	188
601	284	187
602	284	187
603	284	186
604	285	186
605	285	185
606	285	185
607	286	184
608	286	183
609	286	183
610	287	182
611	287	182
612	287	181
613	288	181
614	288	180
615	288	180
616	289	179
617	289	179
618	289	178
619	290	177
620	290	177
621	290	176
622	291	176
623	291	175
624	291	175
625	292	174
626	292	174
627	292	173
628	293	173
629	293	172
630	294	171
631	294	171
632	294	170
633	294	170
634	295	169
635	295	169
636	295	168
637	296	168
638	296	167
639	296	166
640	297	166
641	297	166
642	298	165
643	298	165
644	299	164
645	299	164
646	299	163
647	300	163
648	300	162
649	300	162
650	301	161
651	301	160
652	301	160
653	302	159
654	302	159
655	302	158
656	303	158
657	303	157
658	303	157
659	304	156
660	304	156
661	305	155
662	305	155
663	305	154
664	306	154
665	306	153
666	306	153
667	307	152
668	307	152
669	307	151
670	308	151
671	308	150
672	308	150
673	309	149
674	309	149
675	309	148
676	310	147
677	310	147
678	310	147
679	311	146
680	311	146
681	312	145
682	312	145
683	312	144
684	313	144
685	313	143
686	313	143
687	314	142
688	314	141
689	314	141
690	315	140
691	315	140
692	316	139
693	316	139
694	316	139
695	317	138
696	317	138
697	317	137
698	318	137
699	318	136
700	318	136
701	319	135
702	319	135
703	319	134
704	320	134
705	320	133
706	320	133
707	321	132
708	321	132
709	321	131
710	322	131
711	322	130
712	322	130
713	323	129
714	323	128
715	323	128
716	324	127
717	324	127
718	324	126
719	325	126
720	325	126
721	325	125
722	326	125
723	326	124
724	327	124
725	327	123
726	327	123
727	328	122
728	328	122
729	328	121
730	329	121
731	329	120
732	329	120
733	330	119
734	330	119
735	330	118
736	331	118
737	331	117
738	332	117
739	332	116
740	332	116
741	333	115
742	333	115
743	333	114
744	334	114
745	334	113
746	334	113
747	335	112
748	335	112
749	335	111
750	336	111
751	336	111
752	336	110
753	337	110
754	337	109
755	338	109
756	338	108
757	338	108
758	338	107
759	339	107
760	339	106
761	340	106
762	340	105
763	340	105
764	341	104
765	341	104
766	342	103
767	342	103
768	342	103
769	343	102
770	343	102
771	343	101
772	344	101
773	344	100
774	345	100
775	345	99
776	345	99
777	346	98
778	346	98
779	346	97
780	347	97
781	347	96
782	348	96
783	348	96
784	348	95
785	349	95
786	349	94
787	349	94
788	350	93
789	350	93
790	351	92
791	351	92
792	351	91
793	352	91
794	352	90
795	353	90
796	353	90
797	354	89
798	354	89
799	354	88
800	355	88
801	355	87
802	356	87
803	356	86
804	356	86
805	357	85
806	357	85
807	357	85
808	358	84
809	358	84
810	358	83
811	359	83
812	359	82
813	360	82
814	360	81
815	360	81
816	361	80
817	361	80
818	361	79
819	362	79
820	362	79
821	362	78
822	363	78
823	363	77
824	363	77
825	364	76
826	364	76
827	364	75
828	365	75
829	365	74
830	365	74
831	366	73
832	366	73
833	367	73
834	367	72
835	367	72
836	368	71
837	368	71
838	369	70
839	369	70
840	369	69
841	370	69
842	370	69
843	370	68
844	371	68
845	371	67
846	372	67
847	372	66
848	372	66
849	373	65
850	373	65
851	373	64
852	374	64
853	374	64
854	375	63
855	375	63
856	375	62
857	376	62
858	376	61
859	376	61
860	377	60
861	377	60
862	377	59
863	378	59
864	378	59
865	378	58
866	379	58
867	379	57
868	379	57
869	380	56
870	380	56
871	380	55
872	381	55
873	381	55
874	381	54
875	382	54
876	382	53
877	383	53
878	383	52
879	383	52
880	384	51
881	384	51
882	384	50
883	385	50
884	385	50
885	385	49
886	386	49
887	386	48
888	386	48
889	387	47
890	387	47
891	387	46
892	388	46
893	388	46
894	388	45
895	389	45
896	389	44
897	389	44
898	390	43
899	390	43
900	390	42
901	391	42
902	391	42
903	391	41
904	392	41
905	392	40
906	393	40
907	393	39
908	393	39
909	394	38
910	394	38
911	394	38
912	395	37
913	395	37
914	395	36
915	395	36
916	396	35
917	396	35
918	397	34
919	397	34
920	397	34
921	398	33
922	398	33
923	398	32
924	399	32
925	399	31
926	399	31
927	400	31
928	400	30
929	400	30
930	401	29
931	401	29
932	401	28
933	402	28
934	402	27
935	402	27
936	403	27
937	403	26
938	403	26
939	404	25
940	404	25
941	404	24
942	405	24
943	405	24
944	405	23
945	405	23
946	406	22
947	406	22
948	406	21
949	407	21
950	407	21
951	407	20
952	408	20
953	408	19
954	408	19
955	409	18
956	409	18
957	409	17
958	410	17
959	410	17
960	410	16
961	411	16
962	411	15
963	411	15
964	412	14
965	412	14
966	413	14
967	413	13
968	413	13
969	414	12
970	414	12
971	414	11
972	415	11
973	415	11
974	415	10
975	416	10
976	416	9
977	416	9
978	417	8
979	417	8
980	417	8
981	418	7
982	418	7
983	419	6
984	419	6
985	419	5
986	420	5
987	420	5
988	420	4
989	421	4
990	421	3
991	421	3
992	422	2
993	422	2
994	422	2
995	423	1
996	423	1
997	423	0
998	424	0
999	424	0
